{
  "consumers": [
    {
      "id": 1,
      "email": "Sincere@april.biz",
      "date_of_birth": "2014-03-12T13:37:27+00:00",
      "name": {
        "title": "Ms.",
        "first_name": "Leanne",
        "last_name": "Graham"
      },
      "phone_number": "1-770-736-8031 x56442",
      "profile_images": ""
    },
    {
      "id": 2,
      "email": "Shanna@melissa.tv",
      "date_of_birth": "2018-03-12T13:37:27+00:00",
      "name": {
        "title": "Mr.",
        "first_name": "Ervin",
        "last_name": "Howell"
      },
      "phone_number": "10-692-6593 x09125",
      "profile_images": ""
    },
    {
      "id": 3,
      "email": "Nathan@yesenia.net",
      "date_of_birth": "2004-03-12T13:37:27+00:00",
      "name": {
        "title": "Mr.",
        "first_name": "Clement",
        "last_name": "Bauch"
      },
      "phone_number": "1-463-123-44472",
      "profile_images": ""
    },
    {
      "id": 4,
      "email": "Sulianne.OConner@kory.org",
      "date_of_birth": "2012-08-12T13:37:27+00:00",
      "name": {
        "title": "Ms.",
        "first_name": "Paatricia",
        "last_name": "Lebsack"
      },
      "phone_number": "493-170-9623 x156",
      "profile_images": ""
    },
    {
      "id": 5,
      "email": "Lucio_Hettinger@annie.ca",
      "date_of_birth": "2010-03-12T13:37:27+00:00",
      "name": {
        "title": "Ms.",
        "first_name": "Chelsey",
        "last_name": "Dietrich"
      },
      "phone_number": "(254)954-1289",
      "profile_images": ""
    }
  ]
}
